epoch,accuracy,loss,val_accuracy,val_loss,learning_rate
1,0.6284999847412109,0.7879176735877991,0.20000000298023224,1.87172269821167,0.0010000000474974513
2,0.7260000109672546,0.5984603762626648,0.20000000298023224,2.747904062271118,0.0010000000474974513
3,0.7950000166893005,0.47724780440330505,0.23100000619888306,2.6248342990875244,0.0010000000474974513
4,0.7760000228881836,0.49260255694389343,0.4000000059604645,2.7065274715423584,0.0005000000237487257
5,0.8165000081062317,0.4258747696876526,0.21299999952316284,2.707137107849121,0.0005000000237487257
6,0.8215000033378601,0.4051593244075775,0.20000000298023224,2.820261240005493,0.0002500000118743628
7,0.8389999866485596,0.3790271580219269,0.20000000298023224,2.6600964069366455,0.0002500000118743628
8,0.8370000123977661,0.3688065707683563,0.4000000059604645,2.6307809352874756,0.0001250000059371814
